﻿Designator,Footprint,Quantity,Value,LCSC Part #
"C1, C18, C23, C5, L3",0402,5,4.7u,
C10,0402,1,1p,
C11,0402,1,1.2p,
"C12, C13, C14, C19, C2, C20",0402,6,1u,
C15,0402,1,NC,
C16,0402,1,100p,
"C17, C22, C3, C4",0402,4,100n,
C21,0402,1,4.7u/10V,
"C24, C25",0402,2,10u,
"C6, C7, C8, C9",0402,4,12p,
CR1,MBR120VLSFT1G,1,MBR120VLSFT1G,
D1,0805,1,red,
D2,0805,1,yellow,
E1,TTC_Gold,1,~,
J1,USB_C_Receptacle_GCT_USB4105-xx-A_16P_TopMnt_Horizontal,1,USB_C_Receptacle_USB2.0_16P,
J2,JST_PH_B2B-PH-K_1x02_P2.00mm_Vertical,1,Conn_01x02_Pin,
J3,PinHeader_1x02_P1.00mm_Vertical,1,Conn_01x02_Pin,
J4,PinSocket_1x03_P1.00mm_Vertical,1,Conn_01x03_Socket,
J5,PinHeader_2x03_P1.00mm_Vertical,1,Conn_02x03_Counter_Clockwise,
L1,0402,1,4.7n,
L2,0402,1,2.2n,
"R1, R2",0402,2,5.1k,
"R10, R11",0402,2,510,
R12,0402,1,100k,
"R13, R14",0402,2,0,
"R15, R4, R5, R7, R8",0402,5,10k,
R6,0402,1,39,
R9,0402,1,4k,
"SW1, SW5",SW_PUSH_6mm_H4.3mm,2,SW_Push,
"SW2, SW3, SW4",D2FC-F-7N,3,D2FC-F-7N20M,
SW6,SW_SPST_B3U-3000P,1,SW_Push,
U1,MSOP-10_3x3mm_P0.5mm,1,MCP73833-xxx-UN,
U2,QFN-40-1EP_5x5mm_P0.4mm_EP3.6x3.6mm,1,nRF52820-QDxx,
U3,SOT-23-5,1,MIC5501-3.0YM5,
U4,PMW3360DM-T2QU,1,PMW3360DM-T2QU,
U5,SOT-23-5,1,MIC5504-1.8YM5,
U6,IRLML2244TRPBF,1,IRLML2244TRPBF,
U7,Texas_R-PDSO-G6,1,TPS61222DCK,
Y1,CAP_ABS07-32.768KHZ-T_ABR,1,32.768k,
Y2,XTAL_ABM3-32.000MHZ-D2Y-T,1,32M,
